time,agent_id,x,y,state,score,payoff,action_magnitude,action_direction,reasoning,personality
0,0,19.710100716628347,53.30153689607046,1,0.2413493158067427,0.2413493158067427,5.0,290.0,"My high agreeableness (0.6) and conscientiousness (0.6) drive me towards cooperation.  Given that two nearby cooperators are at angles 291 and 309 degrees, I will move slightly closer to them to increase the chances of mutually beneficial interactions while maintaining distance from defectors.","O:0.2, C:0.6, E:0.5, A:0.6, N:0.8"
0,1,4.07453848358678,69.21869343405147,0,1.954535614564967,1.954535614564967,10.0,173.0,"My high neuroticism and low agreeableness drive me towards self-preservation and distrust.  Given the presence of cooperating neighbors, defecting maximizes my immediate payoff, despite the risk of future retaliation. The movement is towards a cluster of cooperating neighbors to potentially exploit them further.","O:0.1, C:0.7, E:0.4, A:0.0, N:1.0"
0,2,77.36408072716607,27.87303296707956,1,-0.5912021685306948,-0.5912021685306948,5.0,158.0,"My low agreeableness and extraversion suggest a tendency towards self-interest, but the presence of several cooperating neighbors within close proximity outweighs this.  Moving slightly towards the cluster of cooperating neighbors (average direction of cooperating neighbors) while maintaining cooperation maximizes potential payoff.","O:0.3, C:0.4, E:0.3, A:0.2, N:0.2"
0,3,21.966316784621,48.56772728821301,1,2.4373244172567077,2.4373244172567077,5.0,114.0,"My high openness and agreeableness encourage cooperation, despite some nearby defectors.  Moving slightly closer to the cluster of cooperating neighbors at around 113 degrees maximizes potential positive payoff from collaboration.","O:1.0, C:0.6, E:0.3, A:0.6, N:0.7"
0,4,74.2139380484327,31.16977778440511,1,0.6064740835188288,0.6064740835188288,5.0,310.0,My high conscientiousness and extraversion drive me to maintain cooperation despite the presence of defectors.  The movement towards a cluster of cooperating neighbors (around 300 degrees) prioritizes maximizing positive payoffs and minimizing losses.,"O:0.2, C:1.0, E:1.0, A:0.1, N:0.2"
0,5,3.0783073766282913,80.94005376803361,0,0.5432450288187775,0.5432450288187775,5.0,52.0,"My high conscientiousness and low agreeableness drive me to prioritize self-interest.  Given the high number of defecting neighbors in close proximity, defecting maximizes my immediate payoff despite the risk of long-term consequences.  The movement is towards a cluster of cooperating neighbors to potentially exploit them.","O:0.2, C:0.9, E:0.2, A:0.3, N:0.2"
0,6,7.851478631379982,86.20960947799834,1,1.6788344890407763,1.6788344890407763,5.0,14.0,"My high neuroticism (0.9) makes me risk-averse, preferring the stability of cooperation despite my low agreeableness (0.2).  The presence of many cooperating neighbors at relatively close range (especially those at 3.0 and 4.12 distance) makes cooperation the more rewarding strategy in this context.","O:0.7, C:1.0, E:0.6, A:0.2, N:0.9"
0,7,65.0,96.0,0,-0.28304547985373996,-0.28304547985373996,5.0,180.0,"My high extraversion and openness drive me to explore and interact, while my low conscientiousness means I'm less likely to cooperate consistently.  Given all neighbors are defecting, continuing to defect maximizes my immediate payoff in this environment.","O:0.9, C:0.3, E:0.9, A:0.8, N:0.4"
0,8,84.46446609406726,78.53553390593274,1,-0.01421183794701951,-0.01421183794701951,5.0,135.0,"My high agreeableness and openness encourage cooperation.  Given several cooperating neighbors nearby (especially at shorter distances), maintaining cooperation maximizes my potential payoff despite a few defecting neighbors.  The movement aims to approach more cooperative neighbors while maintaining some distance from defectors.","O:0.8, C:1.0, E:0.5, A:0.8, N:0.5"
0,9,65.69846310392954,52.71010071662835,1,0.291469531617358,0.291469531617358,5.0,20.0,"My high extraversion (1.0) and agreeableness (0.6) drive me to cooperate, despite my current defecting strategy.  Given three cooperating neighbors within interaction range, moving closer to them (towards 20 degrees) increases the chances of mutual cooperation and higher payoff.","O:0.1, C:0.4, E:1.0, A:0.6, N:0.4"
0,10,28.78446275633149,96.89365427108545,0,-0.3014552863229154,-0.3014552863229154,7.0,100.0,"My low agreeableness (0.4) and high extraversion (0.9) drive me towards self-interest.  Given the majority of my neighbors are defecting, defecting maximizes my immediate payoff despite the risk of incurring losses in the long run.","O:0.8, C:0.7, E:0.9, A:0.4, N:0.2"
0,11,1.3431457505076185,80.34314575050762,0,0.0766029764080574,0.0766029764080574,8.0,225.0,"My low agreeableness and moderate extraversion push me towards self-interest.  Given the high number of defecting neighbors in close proximity, defecting maximizes my immediate payoff despite the risk of long-term negative consequences. The movement is directed towards the cluster of cooperating neighbors at approximately 225 degrees to potentially exploit them in the next round.","O:0.2, C:0.0, E:0.4, A:0.1, N:0.0"
0,12,81.0,28.0,1,0.16339905032348034,0.16339905032348034,5.0,0.0,"My high agreeableness and conscientiousness drive me to cooperate, despite the presence of defectors.  Moving towards the nearby defector (at 0 degrees) at a moderate speed allows for potential future interaction and influence.","O:0.8, C:0.9, E:0.3, A:1.0, N:0.9"
0,13,49.38371146789078,33.01205953700833,0,-0.8236428179856647,-0.8236428179856647,10.0,296.0,"My high neuroticism (0.8) and moderate extraversion (0.7) push me towards a more self-protective strategy.  Given the high number of defecting neighbors in close proximity (especially at 8.94 distance), defecting maximizes my immediate payoff, despite my moderate agreeableness (0.3).  The movement is directed towards the closest defector to potentially increase interaction and payoff.","O:0.0, C:0.1, E:0.7, A:0.3, N:0.8"
0,14,11.16977778440511,88.7860619515673,1,0.00019209031872448323,0.00019209031872448323,5.0,220.0,"My high agreeableness and conscientiousness push me towards cooperation, despite my current defecting strategy.  Moving towards the cluster of cooperating neighbors at approximately 220 degrees increases the likelihood of positive interactions and higher payoff.","O:0.0, C:0.6, E:0.1, A:0.6, N:1.0"
0,15,87.7860619515673,22.83022221559489,0,-3.3097967028355426,-3.3097967028355426,5.0,130.0,"My low agreeableness and high extraversion drive me to prioritize self-interest.  Given the number of defecting neighbors in close proximity, defecting maximizes my immediate payoff despite the risk of future losses.","O:0.8, C:0.0, E:0.7, A:0.2, N:0.0"
0,16,60.0,96.0,0,-0.3118033988749895,-0.3118033988749895,0.0,0.0,"My low agreeableness (0.1) and high neuroticism (0.0) predispose me towards self-interest and a lack of cooperation.  Given that all neighbors are defecting, continuing to defect maximizes my immediate payoff.","O:0.3, C:0.3, E:0.2, A:0.1, N:0.0"
0,17,17.695865504800327,22.04865965629215,0,-0.3189613723664741,-0.3189613723664741,5.0,278.0,"My high agreeableness (0.6) pushes me towards cooperation, but my current strategy is already defect.  Given a nearby defector at a short distance (7.07), I will continue to defect and move closer to exploit this opportunity, aligning with a more opportunistic behavior.","O:0.1, C:0.4, E:0.1, A:0.6, N:0.0"
0,18,64.46846106481675,51.886908691296505,0,0.8563621148769524,0.8563621148769524,5.0,205.0,"My high extraversion and openness encourage exploration and interaction.  Given the presence of nearby defectors (at close range, significantly impacting the payoff) and the Prisoner's Dilemma payoff structure, defecting maximizes my short-term payoff, moving towards a defector to potentially exploit further.","O:0.7, C:0.5, E:0.7, A:0.8, N:0.3"
0,19,73.46446609406726,70.46446609406726,1,1.8782267225411857,1.8782267225411857,5.0,225.0,"My high agreeableness (0.6) and openness (0.6) encourage cooperation.  Moving towards the close cooperating neighbor at 225 degrees (distance 5.66) maximizes potential positive payoff, despite the presence of a defecting neighbor.","O:0.6, C:0.2, E:0.3, A:0.6, N:0.1"
0,20,71.10926199633097,35.0395584540888,1,0.34154517725810124,0.34154517725810124,5.0,168.0,My low conscientiousness and moderate agreeableness lead me to prioritize cooperation despite the presence of defectors.  The movement towards the cluster of cooperating neighbors at 168 degrees aims to maximize positive interactions and increase my overall payoff.,"O:0.4, C:0.1, E:0.3, A:0.3, N:0.0"
0,21,46.80814426605461,38.49397023149584,0,-0.07175051949922495,-0.07175051949922495,5.0,116.0,"My high neuroticism and low agreeableness drive me towards a defect strategy, regardless of neighbor actions.  The movement towards the closest cooperating neighbor (at 116 degrees) is a tentative approach to potentially exploit them further in future rounds.","O:0.4, C:0.4, E:0.0, A:0.0, N:0.8"
0,22,32.332097867513994,27.208160252273498,1,2.792416151185297,2.792416151185297,5.0,201.0,"My high conscientiousness and moderate agreeableness drive me to cooperate.  Given a nearby cooperator at a very short distance (5.39), I will move closer to maximize the positive payoff from cooperation and maintain my cooperative strategy.","O:0.0, C:1.0, E:0.1, A:0.3, N:0.4"
0,23,85.53553390593274,78.46446609406726,1,1.2907894320378792,1.2907894320378792,5.0,315.0,"My high conscientiousness and moderate agreeableness drive me to cooperate, despite my current defecting strategy.  Given the proximity of several cooperating neighbors (especially at 310 degrees), moving closer to them (315 degrees) increases the potential for mutual cooperation and higher payoff.","O:0.1, C:0.9, E:0.5, A:0.5, N:1.0"
0,24,60.38371146789078,95.01205953700833,0,-1.1553662214073885,-1.1553662214073885,10.0,296.0,"My high extraversion (0.9) and low conscientiousness (0.0) drive me to seek interaction and disregard rules.  Given that both neighbors are defecting, and are relatively close, defecting maximizes my immediate payoff, aligning with my self-serving tendencies.","O:0.1, C:0.0, E:0.9, A:0.5, N:0.8"
0,25,17.13175911166535,15.07596123493896,1,-0.061437783076717975,-0.061437783076717975,5.0,260.0,"My high agreeableness (0.8) pushes me towards cooperation.  Given a cooperating neighbor at 18.03 units and a defecting neighbor at 7.07 units, moving towards the cooperating neighbor (approximately 260 degrees) while cooperating seems a reasonable balance between seeking positive interactions and avoiding the defecting neighbor.","O:1.0, C:0.0, E:0.5, A:0.8, N:0.6"
0,26,26.33012701892219,45.5,1,1.079646387661106,1.079646387661106,5.0,330.0,"My high neuroticism (0.9) makes me risk-averse, preferring to avoid the potential large loss from defecting.  I'll move slightly away from the defector (neighbor 3) while maintaining proximity to the cooperating neighbors, hoping to maximize my positive payoff.","O:0.7, C:0.3, E:0.3, A:0.2, N:0.9"
0,27,76.53553390593274,73.53553390593274,1,0.6623606969477076,0.6623606969477076,5.0,45.0,"My high agreeableness and conscientiousness drive me to cooperate.  Given the majority of neighbors are cooperating and one is close at 5.66 distance, I will move slightly closer to them while maintaining cooperation.","O:0.1, C:1.0, E:0.7, A:1.0, N:0.2"
0,28,45.15192246987792,75.73648177666931,0,-0.3655010358814963,-0.3655010358814963,10.0,170.0,"My high neuroticism and low agreeableness drive me towards a defect strategy, regardless of others' actions.  The close proximity of a defecting neighbor at 170 degrees reinforces this choice, prompting me to move closer to exploit it.","O:1.0, C:0.4, E:0.2, A:0.1, N:0.9"
0,29,73.0,28.0,1,0.8941231643233888,0.8941231643233888,5.0,180.0,"My moderately high extraversion (0.6) and low neuroticism (0.1) encourage interaction and risk-taking.  Given the high number of cooperating neighbors in close proximity (especially at 180 degrees), cooperating and moving closer to them maximizes potential payoff.","O:0.6, C:0.7, E:0.6, A:0.5, N:0.1"
0,30,8.974211706720459,98.068123518809,0,0.5608386997737361,0.5608386997737361,7.0,278.0,"My low agreeableness and high extraversion, coupled with the high number of defecting neighbors, lead me to defect to maximize my immediate payoff.  Moving towards a cluster of cooperating neighbors (around 278 degrees) offers potential for future cooperation after establishing dominance.","O:0.6, C:0.0, E:0.9, A:0.2, N:0.7"
0,31,8.244717418524232,86.45491502812527,0,3.967441452569574,3.967441452569574,5.0,198.0,"My low agreeableness and high neuroticism drive me towards self-preservation (Defect).  The high concentration of Cooperators near me (direction 198) presents an opportunity to exploit them for maximum payoff, despite the presence of some Defectors.","O:0.4, C:1.0, E:1.0, A:0.1, N:0.8"
0,32,74.5,22.33012701892219,1,0.8243376005942606,0.8243376005942606,5.0,60.0,"My low agreeableness and extraversion suggest a tendency towards self-interest, but my high conscientiousness encourages me to follow a more stable strategy.  Given the high proportion of cooperating neighbors and the potential for higher payoff through cooperation, despite the risk of exploitation, switching to cooperation seems strategically sound in this situation.","O:0.8, C:0.9, E:0.2, A:0.2, N:0.5"
0,33,89.54496737905816,74.26995249869773,1,0.47929279786750806,0.47929279786750806,5.0,153.0,"My high conscientiousness and moderate agreeableness drive me to cooperate.  Given several nearby cooperators at favorable distances (around 6-7 units), moving closer to them (direction 153) to strengthen those positive interactions is beneficial.","O:0.1, C:1.0, E:0.7, A:0.5, N:0.1"
0,34,86.0,60.0,1,0.35724424148775574,0.35724424148775574,0.0,0.0,"My low agreeableness and high conscientiousness suggest a cautious approach. Given all neighbors are cooperating and close, maintaining cooperation maximizes my payoff without unnecessary risk.","O:0.3, C:0.5, E:0.3, A:0.0, N:0.0"
0,35,24.464466094067262,60.46446609406726,1,0.39845904334354215,0.39845904334354215,5.0,225.0,"My high neuroticism and openness make me risk-averse but also open to new experiences.  Given the presence of cooperating neighbors nearby, cooperating allows for potential positive payoff despite the risk of exploitation, particularly since proximity boosts the impact.","O:0.8, C:0.1, E:0.2, A:0.7, N:1.0"
0,36,5.999999999999999,89.0,0,0.5496152967348756,0.5496152967348756,5.0,270.0,"My low agreeableness (0.3) and high neuroticism (0.7) predispose me towards self-preservation.  Given the presence of several defecting neighbors in close proximity, defecting maximizes my immediate payoff, despite the risk of long-term instability; the movement is towards a cluster of cooperating neighbors to potentially exploit them later.","O:0.5, C:0.8, E:0.7, A:0.3, N:0.7"
0,37,9.535533905932738,88.53553390593274,0,0.673958133010303,0.673958133010303,5.0,45.0,"My high conscientiousness and extraversion push me towards strategic action.  Given the preponderance of defectors near me (especially those very close), defecting maximizes my short-term payoff and moves me closer to the cooperators nearby, potentially setting up better interactions later.","O:0.0, C:0.9, E:0.8, A:0.8, N:0.1"
0,38,81.65584549074345,25.958327832184896,0,1.6208328789505573,1.6208328789505573,7.0,155.0,"My low agreeableness and high openness drive me to exploit opportunities.  Given the high number of cooperating neighbors relatively close, defecting maximizes immediate payoff, consistent with my current strategy and personality.","O:0.9, C:0.3, E:0.7, A:0.0, N:0.1"
0,39,23.506029768504163,43.80814426605461,1,0.9212351493745032,0.9212351493745032,5.0,206.0,My high conscientiousness and low agreeableness drive me to maintain consistent cooperation despite the presence of a defector.  Moving towards the cluster of cooperating neighbors at direction 206 (closest cooperative neighbor) maximizes potential payoff from further cooperation.,"O:0.1, C:1.0, E:0.4, A:0.1, N:0.4"
0,40,34.03726924179339,89.60934671702574,0,-0.3141873742251499,-0.3141873742251499,5.0,173.0,"My low agreeableness and high openness drive me to explore exploitation opportunities.  Given a defecting neighbor close by (9.06 distance), defecting maximizes my immediate payoff, despite the risk of future retaliation.","O:0.9, C:0.3, E:0.5, A:0.1, N:0.2"
0,41,47.92403876506104,75.13175911166535,0,-0.35244672152881984,-0.35244672152881984,5.0,350.0,"My low agreeableness and high neuroticism predispose me towards self-interest and a lack of trust.  Given two defecting neighbors in close proximity (one at 12.17 distance), continuing to defect maximizes my immediate payoff, despite the presence of cooperating neighbors.","O:0.3, C:0.6, E:0.1, A:0.1, N:0.5"
0,42,79.26995249869773,30.45503262094184,0,1.3281885047588529,1.3281885047588529,5.0,63.0,"My high extraversion (1.0) and low agreeableness (0.1) drive me to seek interaction and prioritize self-interest.  Given the presence of defecting neighbors, especially the close one at 2.24 distance, defecting maximizes my immediate payoff despite the risk.","O:0.4, C:0.2, E:1.0, A:0.1, N:0.7"
0,43,94.28989928337165,6.698463103929543,1,-0.16268486625893516,-0.16268486625893516,5.0,110.0,"My high agreeableness (0.9) and openness (0.8) push me towards cooperation, despite my current defecting strategy.  Given the majority of my neighbors are cooperating and relatively close, switching to cooperation maximizes potential payoff in this round while exploring a new area (direction 110).","O:0.8, C:0.2, E:0.7, A:0.9, N:1.0"
0,44,9.330127018922191,66.5,0,-0.10502764810706035,-0.10502764810706035,5.0,330.0,"My high agreeableness (0.7) pushes me towards cooperation.  Given the presence of defectors nearby, I'll move slightly away from them (towards the direction of the majority of cooperators) to mitigate potential losses while maintaining a cooperative strategy.","O:0.5, C:0.0, E:0.1, A:0.7, N:0.0"
0,45,49.80664716027288,45.27680482492487,1,-0.3215105284126824,-0.3215105284126824,5.0,213.0,"My low extraversion and moderate conscientiousness suggest a cautious approach.  Given a nearby cooperator at a relatively close distance (10.82) in direction 213, I will cooperate and move closer to potentially increase the payoff from this interaction.","O:0.3, C:0.6, E:0.2, A:0.3, N:0.4"
0,46,27.019026509541273,27.43577871373829,1,0.3094919539946861,0.3094919539946861,5.0,175.0,"My moderate agreeableness (0.5) and openness (0.6) encourage cooperation, despite the presence of defectors.  The movement towards the defector at 180 degrees (175 to approach it) aims to potentially influence its behavior and improve the overall payoff, while maintaining a safe distance from others.","O:0.6, C:0.6, E:0.4, A:0.5, N:0.0"
0,47,88.6698729810778,31.5,0,0.2967363853150899,0.2967363853150899,5.0,210.0,"My high agreeableness and openness drive me to cooperate despite my current defecting strategy.  Given the majority of neighbors are cooperating, moving towards them (average direction of cooperating neighbors) while switching to cooperation maximizes potential payoff.","O:0.8, C:0.2, E:0.0, A:1.0, N:0.6"
0,48,6.500486732194224,86.63768889816716,0,-0.41914088437506125,-0.41914088437506125,7.0,230.0,"My high extraversion (0.9) and moderate agreeableness (0.7) push me towards interaction, but the presence of several nearby defectors (especially at close range, such as the neighbor at 4.0 distance) makes cooperation risky.  Defecting maximizes my short-term payoff given the current context, and I move towards the cluster of cooperating neighbors to potentially exploit them later.","O:0.1, C:0.2, E:0.9, A:0.7, N:0.5"
0,49,29.16311896062463,92.34260438593392,1,-0.5616873127692872,-0.5616873127692872,7.0,288.0,"My high extraversion (0.7) and moderate agreeableness (0.5) encourage interaction and cooperation.  I will move closer to the cooperating neighbor at 288 degrees (distance 9.49) to increase the positive payoff from cooperation, despite my current ""Defect"" strategy.","O:0.6, C:0.0, E:0.7, A:0.5, N:0.0"
1,0,22.210100716628347,48.97140987714827,1,3.3365868627738258,3.095237546967083,5.0,300.0,"My high agreeableness (0.6) and conscientiousness (0.6) encourage cooperation.  Moving towards the cluster of cooperating neighbors (around 300 degrees) increases the chance of further positive interactions, despite the presence of one defector.","O:0.2, C:0.6, E:0.5, A:0.6, N:0.8"
1,1,8.489276447881416,66.87133562012203,0,0.7870090558268439,-1.1675265587381232,5.0,332.0,"My high neuroticism and low agreeableness drive me towards a defect strategy, regardless of neighbors' actions.  The movement towards the closest neighbor (at 332 degrees) aims to maximize potential payoff from exploitation.","O:0.1, C:0.7, E:0.4, A:0.0, N:1.0"
1,2,82.28811949222711,28.74127385541421,1,-0.5688917097016882,0.02231045882900659,5.0,10.0,"My low agreeableness and extraversion suggest a cautious approach, prioritizing self-interest but also considering the potential for mutual benefit.  Given the majority of nearby particles are cooperating, continuing to cooperate maximizes my immediate payoff and encourages further cooperation from neighbors.","O:0.3, C:0.4, E:0.3, A:0.2, N:0.2"
1,3,21.966316784621,48.56772728821301,1,5.545508396390404,3.1081839791336963,0.0,0.0,"My high agreeableness (0.6) and openness (1.0) predispose me towards cooperation.  All my neighbors are cooperating, making it strategically optimal to continue cooperating in this positive environment.","O:1.0, C:0.6, E:0.3, A:0.6, N:0.7"
1,4,78.04416026402758,27.95583973597241,1,0.7355390001464266,0.12906491662759778,5.0,320.0,"My high conscientiousness and extraversion drive me to maintain cooperation, despite the presence of defectors.  Moving towards the cluster of cooperating neighbors around 320 degrees will increase positive interactions and maximize my payoff.","O:0.2, C:1.0, E:1.0, A:0.1, N:0.2"
1,5,7.8522958970657815,86.0595296793678,0,6.799067529369248,6.255822500550471,7.0,47.0,"My high conscientiousness and low agreeableness drive me to prioritize self-interest.  Given the many defecting neighbors in close proximity (especially at 47 degrees), defecting maximizes my immediate payoff, despite the presence of some cooperating neighbors.","O:0.2, C:0.9, E:0.2, A:0.3, N:0.2"
1,6,0.9232754011044726,90.20960947799834,0,1.1446689118713271,-0.5341655771694491,8.0,150.0,"My high neuroticism (0.9) and low agreeableness (0.2) drive me towards self-preservation.  Given the overwhelming number of defecting neighbors in close proximity, defecting maximizes my immediate payoff and minimizes potential losses.","O:0.7, C:1.0, E:0.6, A:0.2, N:0.9"
1,7,65.0,96.0,0,-0.6948730637491092,-0.4118275838953692,0.0,0.0,"My high extraversion (0.9) and low conscientiousness (0.3) drive me towards self-interest.  Given that my neighbors are also defecting, continuing to defect maximizes my immediate payoff in this context.","O:0.9, C:0.3, E:0.9, A:0.8, N:0.4"
1,8,89.45228634536639,78.1867515372121,1,0.47300557629066686,0.4872174142376864,5.0,356.0,"My high agreeableness and conscientiousness drive me to cooperate.  Given the presence of several cooperating neighbors in close proximity (particularly the one at 1.07 distance), I will move slightly closer to them and maintain cooperation to maximize my payoff.","O:0.8, C:1.0, E:0.5, A:0.8, N:0.5"
1,9,61.50511026420242,49.98690554155321,0,0.14360372087019305,-0.14786581074716496,5.0,213.0,"My high extraversion pushes me to interact, but my moderate agreeableness and conscientiousness are overridden by the immediate negative payoff from a nearby defector (1.4/-1.4 loss at close range).  I will move towards the defector to attempt to influence its behavior in future rounds.","O:0.1, C:0.4, E:1.0, A:0.6, N:0.4"
1,10,29.65270364466614,91.96961550602441,0,1.8470198954161803,2.1484751817390957,5.0,280.0,"My low agreeableness (0.4) and high extraversion (0.9) drive me towards self-interest.  Given three defecting neighbors and only one cooperating neighbor at a close distance (4.57), defecting maximizes my immediate payoff.  Moving towards the cooperating neighbor (280 degrees) is a calculated risk to potentially exploit future cooperation.","O:0.8, C:0.7, E:0.9, A:0.4, N:0.2"
1,11,4.878679656440356,83.87867965644035,0,-1.062493977961146,-1.1390969543692033,5.0,45.0,"My low agreeableness and conscientiousness, coupled with my moderate extraversion, lead me to prioritize self-interest.  Given the high number of defecting neighbors, particularly those close by (1.83 distance), continuing to defect maximizes my immediate payoff.","O:0.2, C:0.0, E:0.4, A:0.1, N:0.0"
1,12,76.07596123493896,28.86824088833465,1,0.7849500946374652,0.6215510443139849,5.0,170.0,"My high agreeableness and conscientiousness drive me to cooperate.  Given the relatively high number of cooperating neighbors nearby, moving slightly towards them (average direction of cooperating neighbors) while maintaining cooperation maximizes potential payoff.","O:0.8, C:0.9, E:0.3, A:1.0, N:0.9"
1,13,49.38371146789078,40.01205953700833,1,-1.2268302050158326,-0.40318738703016793,7.0,90.0,"My high extraversion (0.7) encourages interaction and exploration.  Given that two nearby neighbors are cooperating (despite my current defection), I will cooperate and move towards them (approximately 90 degrees from my current position based on neighbor locations) to potentially increase my payoff through mutual cooperation.","O:0.0, C:0.1, E:0.7, A:0.3, N:0.8"
1,14,1.1697777844051096,88.7860619515673,0,-1.3985280685364503,-1.3987201588551748,10.0,180.0,"My high neuroticism and low extraversion drive me towards self-preservation.  Given the overwhelming number of defecting neighbors, defecting maximizes my immediate payoff and reduces risk, despite my moderate agreeableness. The movement is to move away from the cluster of defecting neighbors.","O:0.0, C:0.6, E:0.1, A:0.6, N:1.0"
1,15,83.4559349326451,25.33022221559489,0,-2.9500265941483597,0.3597701086871828,5.0,150.0,"My low agreeableness and high extraversion drive me to prioritize self-interest.  Given the many cooperating neighbors, defecting maximizes immediate payoff, despite the risk of future retaliation; moving towards the cluster of cooperating neighbors increases interaction opportunities.","O:0.8, C:0.0, E:0.7, A:0.2, N:0.0"
1,16,60.0,96.0,0,-1.4553420363870089,-1.1435386375120193,0.0,0.0,"My low agreeableness (0.1) and high neuroticism (0.0) predispose me towards self-interest.  Given that both neighbors defected in the previous round, continuing to defect maximizes my immediate payoff, despite the potential for long-term losses.","O:0.3, C:0.3, E:0.2, A:0.1, N:0.0"
1,17,22.227404439983577,24.161750964995647,1,0.17766291541443485,0.49662428778090895,5.0,25.0,"My high agreeableness (0.6) pushes me towards cooperation.  Given that all neighbors are cooperating and relatively close, switching to cooperation maximizes my potential payoff despite my previous defection.","O:0.1, C:0.4, E:0.1, A:0.6, N:0.0"
1,18,68.66181390454388,54.61010386637164,1,0.891417643161496,0.035055528284543655,5.0,33.0,"My high agreeableness (0.8) and extraversion (0.7) push me towards cooperation.  Given that nearby neighbors are cooperating and relatively close, cooperating maximizes my payoff in this round, despite my previous defection.","O:0.7, C:0.5, E:0.7, A:0.8, N:0.3"
1,19,73.46446609406726,70.46446609406726,1,2.523520089164261,0.645293366623075,0.0,0.0,"All neighbors are cooperating, and my high agreeableness (0.6) and low neuroticism (0.1) predispose me towards cooperation.  Maintaining cooperation maximizes my payoff in this context.","O:0.6, C:0.2, E:0.3, A:0.6, N:0.1"
1,20,74.64479590226371,31.50402454815606,1,0.8925470124919384,0.5510018352338371,5.0,315.0,My low conscientiousness and moderate agreeableness lead me to prioritize cooperation despite the presence of defectors.  The movement towards the cluster of cooperating neighbors at around 315 degrees aims to increase positive interactions and maximize my payoff.,"O:0.4, C:0.1, E:0.3, A:0.3, N:0.0"
1,21,50.87551069681261,47.62942480792184,0,0.6318258222608082,0.7035763417600331,10.0,66.0,"My high neuroticism and low agreeableness drive me towards self-preservation and distrust.  Given two cooperating neighbors relatively close and one defecting neighbor, defecting maximizes immediate payoff, despite the risk of long-term consequences; I move towards the cooperating neighbors to potentially exploit them further.","O:0.4, C:0.4, E:0.0, A:0.0, N:0.8"
1,22,27.380757523806142,27.904025757073825,0,5.628528297895581,2.836112146710284,5.0,172.0,"My high conscientiousness and low agreeableness drive me to prioritize self-interest.  Given the majority of neighbors are defecting, defecting maximizes my immediate payoff despite the presence of some cooperating neighbors.","O:0.0, C:1.0, E:0.1, A:0.3, N:0.4"
1,23,80.54771365463361,78.8132484627879,1,1.8961469166852534,0.6053574846473742,5.0,176.0,"My high conscientiousness and moderate agreeableness drive me to cooperate.  Given a nearby cooperating neighbor at 176 degrees (1.07 distance), I will move closer to maximize the positive payoff from this interaction.","O:0.1, C:0.9, E:0.5, A:0.5, N:1.0"
1,24,58.59187172016428,99.67996166949433,0,-1.5444876239613756,-0.389121402553987,5.0,111.0,"My high extraversion (0.9) and low conscientiousness (0.0) drive me towards interaction and immediate self-interest.  Given that both neighbors are defecting and are relatively close, defecting maximizes my short-term payoff and moving closer to the nearest neighbor (1.06 distance) increases the impact of that payoff.","O:0.1, C:0.0, E:0.9, A:0.5, N:0.8"
1,25,20.667293017598087,18.611495140871696,1,0.1349496112284213,0.19638739430513927,5.0,45.0,"My high agreeableness (0.8) and openness (1.0) predispose me towards cooperation.  Given the presence of both cooperating and defecting neighbors, I will continue to cooperate while moving slightly closer to the cooperating neighbor at 38 degrees to potentially increase my payoff.","O:1.0, C:0.0, E:0.5, A:0.8, N:0.6"
1,26,26.33012701892219,45.5,1,1.9583891469551813,0.8787427592940754,0.0,0.0,"My high neuroticism (0.9) makes me risk-averse, preferring the stability of cooperation despite my low agreeableness (0.2).  All neighbors are cooperating, reinforcing this strategy and making movement unnecessary.","O:0.7, C:0.3, E:0.3, A:0.2, N:0.9"
1,27,76.53553390593274,73.53553390593274,1,1.3718221248032583,0.7094614278555507,0.0,0.0,"My high agreeableness and conscientiousness scores strongly favor cooperation.  Given all neighbors are cooperating and within interaction radius, maintaining cooperation maximizes my payoff in this context.","O:0.1, C:1.0, E:0.7, A:1.0, N:0.2"
1,28,45.15192246987792,75.73648177666931,0,-0.774202873627446,-0.4087018377459497,0.0,0.0,"My high neuroticism (0.9) and low agreeableness (0.1) predispose me towards self-preservation and distrust.  Given that both neighbors are defecting, and one is very close, continuing to defect maximizes my immediate payoff, despite the risk of long-term losses.","O:1.0, C:0.4, E:0.2, A:0.1, N:0.9"
1,29,74.2940952255126,32.829629131445344,1,1.8804124289980484,0.9862892646746595,5.0,75.0,"My relatively high agreeableness (0.5) and low neuroticism (0.1) encourage cooperation.  Given that most neighbors are cooperating and those defecting are at a greater distance, maintaining cooperation seems advantageous in this context.","O:0.6, C:0.7, E:0.6, A:0.5, N:0.1"
1,30,7.758674463051946,91.17446924772355,0,-1.1447449611612224,-1.7055836609349584,7.0,260.0,"My high extraversion (0.9) and low agreeableness (0.2) drive me to prioritize self-interest.  Given many nearby defectors and a few close cooperators (who I can exploit), defecting maximizes immediate payoff, aligning with my low conscientiousness (0.0) and disregard for long-term consequences. The movement vector targets several nearby cooperators.","O:0.6, C:0.0, E:0.9, A:0.2, N:0.7"
1,31,12.18477118655784,89.53322240475356,1,2.0671362609553894,-1.9003051916141842,5.0,38.0,"My high extraversion and low agreeableness drive me to prioritize self-interest.  Given the prevalence of defectors nearby, especially those very close (e.g., distances of 0.46, 1.75, 2.45, and 3.39), defecting maximizes my immediate payoff and I move closer to the cooperating neighbor at 3.74 distance to potentially exploit them.","O:0.4, C:1.0, E:1.0, A:0.1, N:0.8"
1,32,73.63175911166535,27.254165783983233,1,1.5100080241967933,0.6856704236025326,5.0,100.0,"My high conscientiousness and openness encourage cooperation, despite the presence of defectors.  Moving towards the cluster of cooperating neighbors at around 100 degrees will increase my chances of positive interactions and higher payoffs.","O:0.8, C:0.9, E:0.2, A:0.2, N:0.5"
1,33,85.94826837736491,77.74324435099273,1,1.0874173525963238,0.6081245547288158,5.0,136.0,"My high conscientiousness and moderate agreeableness push me towards cooperation.  Given several nearby cooperators and the significant negative payoff from defecting against cooperators, I choose to maintain cooperation and move slightly closer to the cluster of cooperating neighbors.","O:0.1, C:1.0, E:0.7, A:0.5, N:0.1"
1,34,86.0,60.0,1,0.7631986732957612,0.4059544318080054,0.0,0.0,"My low agreeableness and extraversion suggest a preference for self-interest, but all neighbors are cooperating, providing a strong incentive to reciprocate and maximize payoff in this favorable environment.  Staying still maintains the current positive interactions.","O:0.3, C:0.5, E:0.3, A:0.0, N:0.0"
1,35,22.75436537743892,55.76600299013772,1,0.7918702994349391,0.39341125609139693,5.0,250.0,"My high agreeableness (0.7) and openness (0.8) predispose me towards cooperation.  Given that most neighbors are cooperating, and despite the presence of one defector, maintaining cooperation seems the best strategy to maximize my long-term payoff; the movement is towards the cluster of cooperating neighbors.","O:0.8, C:0.1, E:0.2, A:0.7, N:1.0"
1,36,7.710100716628344,84.30153689607046,0,-1.1835922858152679,-1.7332075825501434,5.0,290.0,"My low agreeableness and high neuroticism drive me towards a defect strategy.  Given the high density of defecting neighbors, especially those very close, defecting maximizes my immediate payoff and minimizes risk.  The movement aims to slightly distance myself from the cluster of cooperators while remaining within range of potential interactions.","O:0.5, C:0.8, E:0.7, A:0.3, N:0.7"
1,37,6.457226529304448,84.59548013789913,1,-3.1231535149926857,-3.7971116480029887,5.0,232.0,"My high conscientiousness and agreeableness push me towards cooperation.  Given the many defecting neighbors, I will move slightly towards the cluster of cooperating neighbors to increase the chance of positive interactions while simultaneously reducing the impact of negative interactions with those defecting.","O:0.0, C:0.9, E:0.8, A:0.8, N:0.1"
1,38,79.15584549074345,30.28845485110709,0,-1.4561220873270693,-3.0769549662776265,5.0,120.0,"My low agreeableness and high openness drive me to exploit opportunities.  Given many cooperating neighbors, I will defect to maximize immediate payoff, moving slightly towards the cluster of cooperators to continue exploiting them.","O:0.9, C:0.3, E:0.7, A:0.0, N:0.1"
1,39,23.506029768504163,43.80814426605461,1,1.8982898836978055,0.9770547343233023,0.0,0.0,"My high conscientiousness and low agreeableness suggest a preference for consistent behavior and limited social influence.  Given all neighbors are cooperating, I will continue to cooperate and remain stationary to maximize payoff in this positive environment.","O:0.1, C:1.0, E:0.4, A:0.1, N:0.4"
1,40,30.2070470261985,92.82328476545844,0,-0.00206156288317888,0.31212581134197104,5.0,140.0,"My low agreeableness (0.1) and high openness (0.9) lead me to explore options and prioritize self-interest.  Given that two neighbors are defecting and one is cooperating (at close range), defecting maximizes my immediate payoff despite the risk.","O:0.9, C:0.3, E:0.5, A:0.1, N:0.2"
1,41,47.92403876506104,75.13175911166535,0,-0.7048934430576397,-0.35244672152881984,0.0,0.0,"My low agreeableness and extraversion, coupled with high neuroticism, predispose me towards a defect strategy.  Given my only neighbor also defected, maintaining this strategy is the most rational choice to avoid further losses.","O:0.3, C:0.6, E:0.1, A:0.1, N:0.5"
1,42,73.90764139686489,25.955519353136065,1,2.9074554473076923,1.5792669425488395,7.0,220.0,"My high extraversion (1.0) pushes me to interact more, while my low agreeableness (0.1) and high neuroticism (0.7) make cooperation risky.  However, given the prevalence of cooperating neighbors within a reasonable distance, I will cooperate to maximize potential gains, moving towards the cluster of cooperators.","O:0.4, C:0.2, E:1.0, A:0.1, N:0.7"
1,43,86.62945485218188,0.27058700706415006,0,-0.27386452262601596,-0.1111796563670808,10.0,220.0,"My high neuroticism (1.0) and low conscientiousness (0.2) make me risk-averse and impulsive.  Given both neighbors are defecting, defecting maximizes my immediate payoff despite my high agreeableness, and moving away from them (approximately opposite the average direction) reduces further negative interactions.","O:0.8, C:0.2, E:0.7, A:0.9, N:1.0"
1,44,4.727602751659989,68.45365564244636,1,-0.6404132146453478,-0.5353855665382875,5.0,157.0,"My high agreeableness (0.7) pushes me towards cooperation, despite my current defecting strategy.  The presence of several nearby defectors (especially the close one at 152 degrees) motivates a slight movement towards them to potentially influence their behavior and improve my payoff by cooperating with the closer cooperators.","O:0.5, C:0.0, E:0.1, A:0.7, N:0.0"
1,45,48.09654644364454,40.578341720995326,0,0.4810687589823371,0.8025792873950195,5.0,250.0,"My low extraversion and agreeableness, coupled with moderate neuroticism, predispose me towards self-preservation.  Given that three of my four neighbors are defecting, and one of them is very close (7.42), defecting maximizes my immediate payoff and minimizes potential losses.","O:0.3, C:0.6, E:0.2, A:0.3, N:0.4"
1,46,32.012174183314144,27.17409893252357,0,0.4793545668013391,0.169862612806653,5.0,357.0,My moderate agreeableness (0.5) and low neuroticism (0.0) encourage cooperation.  Moving towards the nearby cooperating neighbor (357 degrees) at a moderate speed (magnitude 5) maximizes potential positive payoff while maintaining a cautious approach.,"O:0.6, C:0.6, E:0.4, A:0.5, N:0.0"
1,47,83.74583421601676,30.631759111665346,1,1.052184122677032,0.7554477373619422,5.0,190.0,"My high agreeableness and openness push me towards cooperation, despite my current defecting strategy.  The presence of many cooperating neighbors within interaction radius, particularly those close by (around 8-11 units), makes cooperation a more strategically sound choice to maximize payoff in this round, moving slightly towards the cluster of cooperating neighbors.","O:0.8, C:0.2, E:0.0, A:1.0, N:0.6"
1,48,12.562664558685292,83.13768889816716,1,-1.1385016749333894,-0.7193607905583281,7.0,330.0,"My high extraversion (0.9) and agreeableness (0.7) push me towards cooperation, despite the current prevalence of defectors.  I'm moving towards the cooperating neighbor at 342 degrees to increase the chances of positive interactions and maximize my payoff.","O:0.1, C:0.2, E:0.9, A:0.7, N:0.5"
1,49,28.674823644415753,99.32555273775269,1,-0.8973492319352455,-0.33566191916595833,7.0,94.0,"My high extraversion (0.7) pushes me towards interaction, but low conscientiousness (0.0) and moderate agreeableness (0.5) mean I'm less likely to cooperate consistently.  Given that most neighbors are defecting, and one is very close (4.57 units), defecting maximizes my immediate payoff.","O:0.6, C:0.0, E:0.7, A:0.5, N:0.0"
2,0,22.210100716628347,48.97140987714827,1,6.505413099366583,3.168826236592757,0.0,0.0,"My high agreeableness (0.6) and conscientiousness (0.6) predispose me towards cooperation.  All my neighbors are cooperating, and given the positive payoff from mutual cooperation, there's no reason to change strategy or move.","O:0.2, C:0.6, E:0.5, A:0.6, N:0.8"
2,1,2.0457424737143333,69.60645351954695,0,1.440626102156853,0.653617046330009,7.0,157.0,"My high neuroticism and low agreeableness drive me towards self-preservation and a lack of cooperation.  Given the presence of several cooperating neighbors at close range (especially the one at 4.08 distance), I will defect to maximize my immediate payoff, moving closer to that neighbor to increase the impact of the exploitation.","O:0.1, C:0.7, E:0.4, A:0.0, N:1.0"
2,2,82.28811949222711,23.74127385541421,1,-0.47556428170136855,0.09332742800031968,5.0,270.0,"My low agreeableness and extraversion suggest a more self-interested approach, but the presence of several cooperating neighbors within a reasonable distance (especially those at 4.32 and 6.21) outweighs my tendency towards defection.  Moving away from the defecting neighbors (approximately 270 degrees) while maintaining proximity to cooperators maximizes potential payoff.","O:0.3, C:0.4, E:0.3, A:0.2, N:0.2"
2,3,21.966316784621,48.56772728821301,1,8.720693765758458,3.1751853693680543,0.0,0.0,"My high agreeableness and openness encourage cooperation.  Given all cooperating neighbors, maintaining cooperation maximizes my payoff in this context.","O:1.0, C:0.6, E:0.3, A:0.6, N:0.7"
2,4,73.71403324510538,30.45583973597241,1,2.990864908433139,2.2553259082867125,5.0,150.0,"My high extraversion and conscientiousness drive me to engage with others.  Given the majority of neighbors are cooperating, and despite the presence of defectors, continuing cooperation seems strategically sound in the short term to build trust, while moving closer to the cluster of cooperating neighbors around 150 degrees.","O:0.2, C:1.0, E:1.0, A:0.1, N:0.2"
2,5,3.153832793136239,84.34942896273945,0,6.427414065171671,-0.3716534641975766,5.0,200.0,"My high conscientiousness and low agreeableness drive me to prioritize self-interest.  Given the majority of neighbors are defecting, and proximity to cooperators is not overwhelmingly advantageous, continuing to defect maximizes my immediate payoff.","O:0.2, C:0.9, E:0.2, A:0.3, N:0.2"
2,6,4.137213449537169,86.37938726240345,0,0.5454252623736845,-0.5992436494976426,5.0,310.0,"My high neuroticism and low agreeableness drive me towards a defect strategy, prioritizing self-preservation.  Given the high density of defectors near me, continuing to defect and moving slightly away from the cluster (towards fewer cooperators) seems optimal for maximizing short-term payoff.","O:0.7, C:1.0, E:0.6, A:0.2, N:0.9"
2,7,60.170370868554656,97.2940952255126,0,-1.8105587765397215,-1.1156857127906123,5.0,165.0,"My high extraversion (0.9) and low conscientiousness (0.3) drive me towards seeking interactions and prioritizing self-interest.  Given both neighbors are defecting, continuing to defect maximizes my immediate payoff, despite my relatively high agreeableness.  The movement slightly adjusts my position to maintain proximity to the neighbors while avoiding a direct collision course.","O:0.9, C:0.3, E:0.9, A:0.8, N:0.4"
2,8,84.45228634536639,78.1867515372121,1,1.6179577539711674,1.1449521776805005,5.0,180.0,"My high agreeableness and conscientiousness drive me to cooperate.  Given the presence of several cooperating neighbors at relatively close range (especially those around 180 degrees), moving slightly away from the defectors while staying near cooperators maximizes potential payoff.","O:0.8, C:1.0, E:0.5, A:0.8, N:0.5"
2,9,65.83523728312461,52.48690554155321,1,0.45548473863874117,0.31188101776854815,5.0,30.0,"My high extraversion (1.0) and agreeableness (0.6) drive me to cooperate, despite my current strategy being defect.  I'm moving towards the cluster of cooperating neighbors (directions 32 and 219) to increase the chance of positive interactions.","O:0.1, C:0.4, E:1.0, A:0.6, N:0.4"
2,10,35.099093994816414,0.35632118547864877,0,1.9508593006072192,0.10383940519103894,10.0,57.0,"My low agreeableness (0.4) and high extraversion (0.9) drive me towards self-interest.  Given a nearby defector at a very short distance (1.02), continuing to defect maximizes immediate payoff, despite the presence of cooperating neighbors.","O:0.8, C:0.7, E:0.9, A:0.4, N:0.2"
2,11,9.577142760369899,85.5887803730687,0,-1.011531695200842,0.05096228276030401,5.0,20.0,"My low agreeableness and conscientiousness, coupled with a high number of defecting neighbors, leads me to continue defecting.  The movement is towards a cluster of cooperating neighbors at a relatively close distance to potentially exploit them.","O:0.2, C:0.0, E:0.4, A:0.1, N:0.0"
2,12,80.7744243388685,27.158140171706307,1,1.3330626938609869,0.5481125992235215,5.0,340.0,"My high agreeableness and conscientiousness drive me to cooperate.  Given the majority of neighbors are cooperating and relatively close, moving slightly towards them (340 degrees is approximately the average direction) maintains positive interactions.","O:0.8, C:0.9, E:0.3, A:1.0, N:0.9"
2,13,40.24825689146477,44.07942596776633,0,-1.1526652737398801,0.07416493127595244,10.0,156.0,"My high neuroticism (0.8) and low agreeableness (0.3) make me prone to self-preservation, even at the expense of others.  Given that all neighbors are defecting and are relatively close, defecting and moving closer to the nearest neighbor (direction 156) maximizes my short-term payoff.","O:0.0, C:0.1, E:0.7, A:0.3, N:0.8"
2,14,0.3876054592039555,93.724503654543,0,-1.654905857471336,-0.2563777889348856,5.0,99.0,"My high neuroticism and low extraversion drive me towards a cautious, self-preserving strategy.  Given the prevalence of defectors nearby, especially at close range (1.44 distance), defecting maximizes my immediate payoff and minimizes risk.","O:0.0, C:0.6, E:0.1, A:0.6, N:1.0"
2,15,79.62571271705022,28.54416026402759,1,-1.617502118168744,1.3325244759796158,5.0,140.0,"My high openness and extraversion encourage exploration and interaction.  Given the preponderance of cooperating neighbors, particularly those close by, switching to cooperation maximizes my potential payoff, despite my low agreeableness.  Moving towards the cluster of cooperating neighbors at around 140 degrees increases interaction opportunities.","O:0.8, C:0.0, E:0.7, A:0.2, N:0.0"
2,16,60.0,96.0,0,-2.4752679212337574,-1.0199258848467487,0.0,0.0,"My low agreeableness (0.1) and high neuroticism (0.0) predispose me towards self-interest and a lack of cooperation.  Given that both neighbors are defecting, continuing to defect maximizes my immediate payoff in this context.","O:0.3, C:0.3, E:0.2, A:0.1, N:0.0"
2,17,20.84921766089858,19.355442485304053,1,1.5116549428664041,1.3339920274519692,5.0,254.0,"My high agreeableness (0.6) pushes me towards cooperation.  I will move closer to the cooperating neighbor at direction 254 (5.77 distance) to increase the positive payoff from cooperation, despite the presence of defecting neighbors.","O:0.1, C:0.4, E:0.1, A:0.6, N:0.0"
2,18,64.66863635430741,51.6010287506114,0,1.7272454027666977,0.8358277596052018,5.0,217.0,"My high agreeableness (0.8) initially pushes me towards cooperation. However, given that two out of four neighbors are defecting and inflicting a significant loss (-1.4), I choose to defect to avoid further losses. The movement vector aims to move slightly away from the defecting neighbors while remaining within interaction range for potential future interactions.","O:0.7, C:0.5, E:0.7, A:0.8, N:0.3"
2,19,73.46446609406726,70.46446609406726,1,3.2167451193398433,0.6932250301755826,0.0,0.0,"My high agreeableness (0.6) and relatively low conscientiousness (0.2) predispose me towards cooperation.  Given all my neighbors are cooperating and are relatively close, maintaining cooperation maximizes my payoff in this context.","O:0.6, C:0.2, E:0.3, A:0.6, N:0.1"
2,20,76.14479590226371,28.905948336802744,1,2.7748455030878594,1.882298490595921,3.0,300.0,My low conscientiousness and moderate agreeableness lead me to prioritize cooperation despite the presence of defectors.  The movement is directed away from the defector at 10.76 distance to minimize negative interactions while staying relatively close to other cooperators.,"O:0.4, C:0.1, E:0.3, A:0.3, N:0.0"
2,21,49.16540998018427,42.9309617039923,0,0.15017522886809098,-0.4816505933927172,5.0,250.0,"My high neuroticism and low agreeableness drive me towards self-preservation and distrust.  Given the presence of cooperating neighbors at relatively close range (7.76 and 7.58), defecting maximizes my immediate payoff by exploiting their cooperation, despite the risk of future repercussions.  Moving towards the cooperating neighbors (direction approximately 250 degrees) increases my chances of further interaction and exploitation.","O:0.4, C:0.4, E:0.0, A:0.0, N:0.8"
2,22,32.36173101426487,27.468247043335534,0,3.729047370311462,-1.8994809275841196,5.0,355.0,"My high conscientiousness and low agreeableness drive me to prioritize self-interest.  Given that a nearby particle is defecting, and the payoff for defecting is higher than cooperating, I will continue to defect and move slightly closer to the defecting neighbor.","O:0.0, C:1.0, E:0.1, A:0.3, N:0.4"
2,23,80.54771365463361,78.8132484627879,1,2.769431660475437,0.8732847437901838,0.0,0.0,"My high conscientiousness and moderate agreeableness drive me to cooperate.  All neighbors are cooperating, so maintaining cooperation maximizes my payoff given the current context.","O:0.1, C:0.9, E:0.5, A:0.5, N:1.0"
2,24,62.818054337571276,90.61688379912783,0,-1.848283776095398,-0.30379615213402256,10.0,295.0,"My high extraversion (0.9) and low conscientiousness (0.0) drive me to seek interaction and disregard rules.  Given all neighbors are defecting, defecting maximizes immediate payoff and exploiting the current context.","O:0.1, C:0.0, E:0.9, A:0.5, N:0.8"
2,25,23.167293017598087,22.941622159793887,1,0.13658404602216107,0.0016344347937397585,5.0,60.0,"My high agreeableness (0.8) and openness (1.0) push me towards cooperation.  Despite the presence of defecting neighbors, I will attempt to move closer to the cooperating neighbor while maintaining a distance from defectors.","O:1.0, C:0.0, E:0.5, A:0.8, N:0.6"
2,26,23.116188970489496,49.33022221559489,1,4.384279883787499,2.4258907368323177,5.0,130.0,"My high neuroticism (0.9) makes me risk-averse, preferring to cooperate despite the presence of defectors.  Moving towards the cluster of cooperating neighbors at approximately 130 degrees allows for maximizing potential positive payoff from these interactions.","O:0.7, C:0.3, E:0.3, A:0.2, N:0.9"
2,27,76.53553390593274,73.53553390593274,1,2.1488591375882047,0.7770370127849464,0.0,0.0,"My high agreeableness and conscientiousness scores strongly favor cooperation.  Given all my neighbors are cooperating and I'm already surrounded by them within my interaction radius, there's no need to move or change strategy; maintaining cooperation maximizes my payoff in this context.","O:0.1, C:1.0, E:0.7, A:1.0, N:0.2"
2,28,45.15192246987792,75.73648177666931,0,-1.1266495951562658,-0.35244672152881984,0.0,0.0,"My high neuroticism (0.9) and low agreeableness (0.1) predispose me towards a defensive, self-serving strategy.  Given the current neighbor is also defecting, continuing to defect maximizes my immediate payoff, regardless of proximity.","O:1.0, C:0.4, E:0.2, A:0.1, N:0.9"
2,29,74.97813551216395,30.950243889873526,1,4.139501522830166,2.259089093832117,2.0,290.0,"My high agreeableness (0.5) and low neuroticism (0.1) encourage cooperation.  Given the majority of nearby particles are cooperating and relatively close, I will maintain cooperation and move slightly closer to the cluster of cooperating neighbors.","O:0.6, C:0.7, E:0.6, A:0.5, N:0.1"
2,30,1.1808261175505876,88.78032824444387,0,-1.5667050008731123,-0.42196003971188983,7.0,200.0,"My high extraversion (0.9) and low agreeableness (0.2) drive me to prioritize self-interest.  Given the majority of neighbors are defecting, and I have a low conscientiousness (0.0), continuing to defect maximizes my immediate payoff.  The movement towards the cluster of cooperating neighbors (around 200 degrees) is a tentative exploration for potential future cooperation, influenced by my openness (0.6).","O:0.6, C:0.0, E:0.9, A:0.2, N:0.7"
2,31,5.606922841056482,87.13908140147387,0,1.0603352803234938,-1.0068009806318956,7.0,200.0,"My low agreeableness and high neuroticism drive me towards self-preservation. Given the overwhelming number of defecting neighbors, defecting maximizes my immediate payoff despite the risk of long-term instability.  The movement is directed away from the cluster of mostly defecting neighbors.","O:0.4, C:1.0, E:1.0, A:0.1, N:0.8"
2,32,74.92585433717795,22.42453665253789,1,2.7252670505281507,1.2152590263313574,5.0,285.0,"My high openness and conscientiousness drive me towards exploring and following rules, which favours cooperation.  Given the majority of close neighbors are cooperating, maintaining cooperation maximizes my payoff despite the presence of a few defectors.","O:0.8, C:0.9, E:0.2, A:0.2, N:0.5"
2,33,80.96729488690619,78.17902306473101,1,3.371829758477533,2.2844124058812096,5.0,175.0,"My high conscientiousness and moderate agreeableness drive me to cooperate.  Given several nearby cooperators and the distance-based payoff, moving towards them (around 175 degrees) while maintaining cooperation optimizes my potential payoff.","O:0.1, C:1.0, E:0.7, A:0.5, N:0.1"
2,34,86.0,60.0,1,1.0251078389160702,0.261909165620309,0.0,0.0,"All neighbors are cooperating, and my low agreeableness doesn't push me towards defection.  Staying in place maximizes the positive payoff from continued cooperation with nearby particles.","O:0.3, C:0.5, E:0.3, A:0.0, N:0.0"
2,35,22.579867893926416,50.76904885504224,1,2.8491043852294524,2.057234085794513,5.0,268.0,"My high agreeableness (0.7) and openness (0.8) predispose me towards cooperation.  Given the majority of nearby particles are cooperating and relatively close, I will maintain cooperation and move slightly closer to them (averaging their directions).","O:0.8, C:0.1, E:0.2, A:0.7, N:1.0"
2,36,8.145879430366634,89.28251038652918,0,-1.8705589999586132,-0.6869667141433453,5.0,85.0,"My low agreeableness (0.3) and high neuroticism (0.7) predispose me towards self-interest and a lack of trust.  Given the high density of defecting neighbors very close by (especially at 1.76 and 2.86 distance), continuing to defect maximizes my immediate payoff.","O:0.5, C:0.8, E:0.7, A:0.3, N:0.7"
2,37,13.974767495591715,81.85931899129378,0,-3.098790968502289,0.024362546490396264,8.0,340.0,"My high conscientiousness and extraversion push me towards maximizing my own payoff.  Given the overwhelming number of defecting neighbors in close proximity, defecting is the optimal strategy to avoid significant losses.  The movement is away from the cluster of defectors to find potentially more cooperative agents.","O:0.0, C:0.9, E:0.8, A:0.8, N:0.1"
2,38,76.96398975679806,25.794484619611257,0,1.4168323222288892,2.8729544095559585,5.0,244.0,"My low agreeableness and high openness drive me to exploit opportunities.  Given the prevalence of cooperating neighbors at relatively close proximity (around 2-3 units), I will defect and move closer to the cluster of cooperators at approximately 244 degrees to maximize my payoff.","O:0.9, C:0.3, E:0.7, A:0.0, N:0.1"
2,39,22.637788880169513,48.73218303111565,1,8.161786225330282,6.263496341632476,5.0,100.0,"My high conscientiousness and low agreeableness drive me to be cautious and self-interested, yet the majority of my neighbors are cooperating.  Moving slightly towards the cluster of cooperating neighbors (average direction ~100 degrees) while maintaining cooperation seems a good balance of risk and reward.","O:0.1, C:1.0, E:0.4, A:0.1, N:0.4"
2,40,29.082291754479172,97.69513508938462,1,0.49918799164280186,0.5012495545259807,5.0,103.0,"My low agreeableness and high openness suggest a willingness to explore and potentially cooperate despite the risk.  Given that two nearby cooperators (at 6.68 and 18.32 distance) offer a potential for higher payoff than defecting against the close defector (at 1.02 distance), I choose to cooperate and move closer to the cooperators.","O:0.9, C:0.3, E:0.5, A:0.1, N:0.2"
2,41,47.92403876506104,75.13175911166535,0,-1.0573401645864595,-0.35244672152881984,0.0,0.0,"My low agreeableness and high neuroticism predispose me towards self-preservation and distrust.  Given the current neighbor is also defecting, maintaining this strategy maximizes my immediate payoff.","O:0.3, C:0.6, E:0.1, A:0.1, N:0.5"
2,42,72.61354617135228,30.785148484581406,1,5.190672507265202,2.2832170599575092,5.0,105.0,"My high extraversion (1.0) drives me to interact more, and while my low agreeableness (0.1) makes cooperation less likely, the majority of my close neighbors are cooperating.  Moving slightly towards the cluster of cooperating neighbors at around 100 degrees helps maintain these beneficial interactions.","O:0.4, C:0.2, E:1.0, A:0.1, N:0.7"
2,43,86.62945485218188,0.27058700706415006,0,-0.39343277499455737,-0.1195682523685414,0.0,0.0,"My high neuroticism (1.0) and low conscientiousness (0.2) make me risk-averse and predisposed to self-interest.  Given that both neighbors defected and are relatively close, continuing to defect maximizes my immediate payoff in this context.","O:0.8, C:0.2, E:0.7, A:0.9, N:1.0"
2,44,9.330127018922191,66.5,0,-0.8517349354141095,-0.2113217207687616,5.0,337.0,"My high agreeableness initially suggests cooperation. However, the majority of my neighbors are defecting, and the closest neighbor is defecting at a short distance (4.08), leading to a significant negative payoff if I cooperate.  Therefore, I defect to avoid substantial losses, prioritizing self-preservation despite my agreeable nature.","O:0.5, C:0.0, E:0.1, A:0.7, N:0.0"
2,45,57.232001020070555,36.510975290237326,1,0.45887330008420624,-0.022195458898130863,10.0,336.0,"My low extraversion and agreeableness suggest a preference for cautious cooperation rather than aggressive defection.  Given a very close cooperating neighbor (1.41 distance), I will move closer to it to maximize potential positive payoff, despite the other defecting neighbors.","O:0.3, C:0.6, E:0.2, A:0.3, N:0.4"
2,46,27.012174183314144,27.17409893252357,1,0.5484398251620308,0.06908525836069174,5.0,180.0,"My moderate agreeableness (0.5) and low neuroticism (0.0) encourage cooperation.  Given that many nearby neighbors are cooperating, switching to cooperation to potentially build positive relationships and avoid losses from continued defection seems strategically advantageous.","O:0.6, C:0.6, E:0.4, A:0.5, N:0.0"
2,47,79.04737111208722,28.921658395037003,1,4.328348564430177,3.2761644417531457,5.0,200.0,"My high agreeableness and openness encourage cooperation.  Given the preponderance of cooperating neighbors, despite the presence of defectors, maintaining cooperation seems strategically sound to maximize long-term payoff, moving slightly towards the cluster of cooperating neighbors.","O:0.8, C:0.2, E:0.0, A:1.0, N:0.6"
2,48,6.50048673219422,86.63768889816716,0,-3.8611981234811283,-2.722696448547739,7.0,150.0,"My high extraversion (0.9) pushes me to interact more, while my moderate agreeableness (0.7) is overridden by the overwhelming number of defecting neighbors.  Moving towards the cluster of cooperating neighbors (around 150 degrees) while defecting maximizes short-term payoff given the current context.","O:0.1, C:0.2, E:0.9, A:0.7, N:0.5"
2,49,30.064009065751193,91.44709071365503,0,-0.8271043195552072,0.0702449123800383,8.0,280.0,"My low conscientiousness and high extraversion drive me to seek immediate reward.  Given that two of my three close neighbors defected, and the payoff for defecting against them is significantly higher, defecting maximizes my short-term gain. The movement vector aims to get closer to the cooperating neighbor while distancing from the defecting ones.","O:0.6, C:0.0, E:0.7, A:0.5, N:0.0"
